Datetime,Water Level (m)
2025-07-17 00:00:00,-0.005949053
2025-07-17 01:00:00,-0.08946839
2025-07-17 02:00:00,-0.030094016
2025-07-17 03:00:00,0.1620839
2025-07-17 04:00:00,0.43765017
2025-07-17 05:00:00,0.74059284
2025-07-17 06:00:00,0.9776867
2025-07-17 07:00:00,1.0623533
2025-07-17 08:00:00,0.99256736
2025-07-17 09:00:00,0.79487693
2025-07-17 10:00:00,0.50531864
2025-07-17 11:00:00,0.19110581
2025-07-17 12:00:00,-0.078529745
2025-07-17 13:00:00,-0.24030648
2025-07-17 14:00:00,-0.2548072
2025-07-17 15:00:00,-0.14024036
2025-07-17 16:00:00,0.093030624
2025-07-17 17:00:00,0.39238724
2025-07-17 18:00:00,0.6612999
2025-07-17 19:00:00,0.8507141
2025-07-17 20:00:00,0.93024206
2025-07-17 21:00:00,0.8743128
2025-07-17 22:00:00,0.71175313
2025-07-17 23:00:00,0.47584736
2025-07-18 00:00:00,0.2433477
2025-07-18 01:00:00,0.06488786
2025-07-18 02:00:00,-0.0026892144
2025-07-18 03:00:00,0.06875881
2025-07-18 04:00:00,0.2401867
2025-07-18 05:00:00,0.4805573
2025-07-18 06:00:00,0.723284
2025-07-18 07:00:00,0.8905128
2025-07-18 08:00:00,0.94340646
2025-07-18 09:00:00,0.87749404
2025-07-18 10:00:00,0.7061436
2025-07-18 11:00:00,0.46010017
2025-07-18 12:00:00,0.18618165
2025-07-18 13:00:00,-0.04939118
2025-07-18 14:00:00,-0.1912219
2025-07-18 15:00:00,-0.20615843
2025-07-18 16:00:00,-0.096746236
2025-07-18 17:00:00,0.12979932
2025-07-18 18:00:00,0.41447997
2025-07-18 19:00:00,0.69186455
2025-07-18 20:00:00,0.8865031
2025-07-18 21:00:00,0.9746777
2025-07-18 22:00:00,0.95077324
2025-07-18 23:00:00,0.82084006
2025-07-19 00:00:00,0.60898423
2025-07-19 01:00:00,0.4049674
2025-07-19 02:00:00,0.22568665
2025-07-19 03:00:00,0.13963714
2025-07-19 04:00:00,0.1624219
2025-07-19 05:00:00,0.28067312
2025-07-19 06:00:00,0.47204375
2025-07-19 07:00:00,0.6656294
2025-07-19 08:00:00,0.81762564
2025-07-19 09:00:00,0.8734488
2025-07-19 10:00:00,0.8290279
2025-07-19 11:00:00,0.68386185
2025-07-19 12:00:00,0.4702362
2025-07-19 13:00:00,0.21709713
2025-07-19 14:00:00,-0.0027926627
2025-07-19 15:00:00,-0.13789041
2025-07-19 16:00:00,-0.16852209
2025-07-19 17:00:00,-0.07861107
2025-07-19 18:00:00,0.115319274
2025-07-19 19:00:00,0.38624877
2025-07-19 20:00:00,0.65055925
2025-07-19 21:00:00,0.86307377
2025-07-19 22:00:00,0.9733882
2025-07-19 23:00:00,0.98079574
2025-07-20 00:00:00,0.8788298
2025-07-20 01:00:00,0.6978384
2025-07-20 02:00:00,0.4796241
2025-07-20 03:00:00,0.2920269
2025-07-20 04:00:00,0.17433515
2025-07-20 05:00:00,0.1488449
2025-07-20 06:00:00,0.22172089
2025-07-20 07:00:00,0.36835074
2025-07-20 08:00:00,0.5423518
2025-07-20 09:00:00,0.69181395
2025-07-20 10:00:00,0.77865094
2025-07-20 11:00:00,0.7789487
2025-07-20 12:00:00,0.679097
2025-07-20 13:00:00,0.49299264
2025-07-20 14:00:00,0.25583178
2025-07-20 15:00:00,0.035686273
2025-07-20 16:00:00,-0.117847495
2025-07-20 17:00:00,-0.17446314
2025-07-20 18:00:00,-0.103828214
2025-07-20 19:00:00,0.092288345
2025-07-20 20:00:00,0.37163737
2025-07-20 21:00:00,0.6502096
2025-07-20 22:00:00,0.8925336
2025-07-20 23:00:00,1.0394531
2025-07-21 00:00:00,1.0801635
2025-07-21 01:00:00,0.98867303
2025-07-21 02:00:00,0.80694675
2025-07-21 03:00:00,0.58149904
2025-07-21 04:00:00,0.35148856
2025-07-21 05:00:00,0.17797472
2025-07-21 06:00:00,0.10129352
2025-07-21 07:00:00,0.1322002
2025-07-21 08:00:00,0.269174
2025-07-21 09:00:00,0.45372823
2025-07-21 10:00:00,0.6369913
2025-07-21 11:00:00,0.7626699
2025-07-21 12:00:00,0.7976481
2025-07-21 13:00:00,0.7226147
2025-07-21 14:00:00,0.5415907
2025-07-21 15:00:00,0.30331725
2025-07-21 16:00:00,0.06532579
2025-07-21 17:00:00,-0.12384344
2025-07-21 18:00:00,-0.20230111
2025-07-21 19:00:00,-0.13588536
2025-07-21 20:00:00,0.069239534
2025-07-21 21:00:00,0.3613164
2025-07-21 22:00:00,0.6745932
2025-07-21 23:00:00,0.95286155
2025-07-22 00:00:00,1.1379496
2025-07-22 01:00:00,1.1889333
2025-07-22 02:00:00,1.0926882
2025-07-22 03:00:00,0.8990222
2025-07-22 04:00:00,0.62594557
2025-07-22 05:00:00,0.35103652
2025-07-22 06:00:00,0.13814987
2025-07-22 07:00:00,0.02022234
2025-07-22 08:00:00,0.044584576
2025-07-22 09:00:00,0.19259582
2025-07-22 10:00:00,0.41457072
2025-07-22 11:00:00,0.64091015
2025-07-22 12:00:00,0.80693847
2025-07-22 13:00:00,0.87396204
2025-07-22 14:00:00,0.8019606
2025-07-22 15:00:00,0.60729766
2025-07-22 16:00:00,0.3474189
2025-07-22 17:00:00,0.072550304
2025-07-22 18:00:00,-0.13854949
2025-07-22 19:00:00,-0.21761891
2025-07-22 20:00:00,-0.14727384
2025-07-22 21:00:00,0.068277985
2025-07-22 22:00:00,0.38961315
2025-07-22 23:00:00,0.7523179
2025-07-23 00:00:00,1.071778
